ZONAS;Total general;FECHA_REF;Fecha_2018;2018;Fecha_2017;2017;Fecha_2016;2016;Fecha_2015;2015;Fecha_2014;2014;PROMEDIO;PROM_REDOND
;;1/1/20;1/1/18;235;01/01/17;218;1/1/16;228;1/1/15;211;1/1/14;251;228,6;229
;;2/1/20;2/1/18;217;02/01/17;171;2/1/16;208;2/1/15;203;2/1/14;189;197,6;198
;;3/1/20;3/1/18;221;03/01/17;210;3/1/16;199;3/1/15;182;3/1/14;196;201,6;202
;;4/1/20;4/1/18;197;04/01/17;200;4/1/16;181;4/1/15;194;4/1/14;188;192;192
;;5/1/20;5/1/18;191;05/01/17;204;5/1/16;180;5/1/15;176;5/1/14;156;181,4;181
;;6/1/20;6/1/18;223;06/01/17;207;6/1/16;196;6/1/15;181;6/1/14;187;198,8;199
;;7/1/20;7/1/18;212;07/01/17;175;7/1/16;167;7/1/15;163;7/1/14;165;176,4;176
;;8/1/20;8/1/18;193;08/01/17;176;8/1/16;171;8/1/15;187;8/1/14;164;178,2;178
;;9/1/20;9/1/18;205;09/01/17;189;9/1/16;149;9/1/15;150;9/1/14;184;175,4;175
;;10/1/20;10/1/18;213;10/01/17;204;10/1/16;186;10/1/15;187;10/1/14;174;192,8;193
;;11/1/20;11/1/18;217;11/01/17;213;11/1/16;182;11/1/15;185;11/1/14;168;193;193
;;12/1/20;12/1/18;224;12/01/17;211;12/1/16;164;12/1/15;181;12/1/14;172;190,4;190
;;13/1/20;13/1/18;226;13/01/17;220;13/1/16;202;13/1/15;186;13/1/14;209;208,6;209
;;14/1/20;14/1/18;216;14/01/17;192;14/1/16;190;14/1/15;185;14/1/14;197;196;196
;;15/1/20;15/1/18;216;15/01/17;189;15/1/16;173;15/1/15;200;15/1/14;203;196,2;196
;;16/1/20;16/1/18;202;16/01/17;204;16/1/16;171;16/1/15;181;16/1/14;163;184,2;184
;;17/1/20;17/1/18;214;17/01/17;190;17/1/16;181;17/1/15;182;17/1/14;161;185,6;186
;;18/1/20;18/1/18;186;18/01/17;185;18/1/16;187;18/1/15;180;18/1/14;169;181,4;181
;;19/1/20;19/1/18;198;19/01/17;195;19/1/16;170;19/1/15;176;19/1/14;173;182,4;182
;;20/1/20;20/1/18;238;20/01/17;186;20/1/16;172;20/1/15;160;20/1/14;195;190,2;190
;;21/1/20;21/1/18;235;21/01/17;173;21/1/16;197;21/1/15;148;21/1/14;172;185;185
;;22/1/20;22/1/18;224;22/01/17;224;22/1/16;150;22/1/15;168;22/1/14;166;186,4;186
;;23/1/20;23/1/18;226;23/01/17;187;23/1/16;174;23/1/15;172;23/1/14;164;184,6;185
;;24/1/20;24/1/18;221;24/01/17;196;24/1/16;196;24/1/15;162;24/1/14;150;185;185
;;25/1/20;25/1/18;223;25/01/17;179;25/1/16;211;25/1/15;185;25/1/14;163;192,2;192
;;26/1/20;26/1/18;229;26/01/17;193;26/1/16;184;26/1/15;162;26/1/14;182;190;190
;;27/1/20;27/1/18;223;27/01/17;165;27/1/16;175;27/1/15;173;27/1/14;167;180,6;181
;;28/1/20;28/1/18;231;28/01/17;175;28/1/16;154;28/1/15;175;28/1/14;175;182;182
;;29/1/20;29/1/18;210;29/01/17;202;29/1/16;191;29/1/15;179;29/1/14;154;187,2;187
;;30/1/20;30/1/18;210;30/01/17;192;30/1/16;159;30/1/15;167;30/1/14;153;176,2;176
;;31/1/20;31/1/18;205;31/01/17;203;31/1/16;183;31/1/15;166;31/1/14;196;190,6;191
;;1/2/20;1/2/18;201;01/02/17;198;1/2/16;186;1/2/15;158;1/2/14;177;184;184
;;2/2/20;2/2/18;193;02/02/17;197;2/2/16;173;2/2/15;170;2/2/14;207;188;188
;;3/2/20;3/2/18;191;03/02/17;178;3/2/16;195;3/2/15;177;3/2/14;176;183,4;183
;;4/2/20;4/2/18;207;04/02/17;195;4/2/16;177;4/2/15;181;4/2/14;175;187;187
;;5/2/20;5/2/18;195;05/02/17;196;5/2/16;202;5/2/15;148;5/2/14;181;184,4;184
;;6/2/20;6/2/18;193;06/02/17;192;6/2/16;184;6/2/15;193;6/2/14;174;187,2;187
;;7/2/20;7/2/18;187;07/02/17;212;7/2/16;208;7/2/15;173;7/2/14;184;192,8;193
;;8/2/20;8/2/18;235;08/02/17;208;8/2/16;198;8/2/15;158;8/2/14;171;194;194
;;9/2/20;9/2/18;203;09/02/17;191;9/2/16;200;9/2/15;180;9/2/14;174;189,6;190
;;10/2/20;10/2/18;178;10/02/17;214;10/2/16;210;10/2/15;202;10/2/14;194;199,6;200
;;11/2/20;11/2/18;200;11/02/17;189;11/2/16;181;11/2/15;174;11/2/14;185;185,8;186
;;12/2/20;12/2/18;227;12/02/17;210;12/2/16;188;12/2/15;172;12/2/14;172;193,8;194
;;13/2/20;13/2/18;218;13/02/17;216;13/2/16;206;13/2/15;186;13/2/14;172;199,6;200
;;14/2/20;14/2/18;212;14/02/17;187;14/2/16;197;14/2/15;188;14/2/14;188;194,4;194
;;15/2/20;15/2/18;216;15/02/17;192;15/2/16;173;15/2/15;192;15/2/14;182;191;191
;;16/2/20;16/2/18;220;16/02/17;193;16/2/16;169;16/2/15;177;16/2/14;157;183,2;183
;;17/2/20;17/2/18;197;17/02/17;193;17/2/16;174;17/2/15;179;17/2/14;171;182,8;183
;;18/2/20;18/2/18;206;18/02/17;209;18/2/16;187;18/2/15;206;18/2/14;172;196;196
;;19/2/20;19/2/18;221;19/02/17;205;19/2/16;181;19/2/15;187;19/2/14;171;193;193
;;20/2/20;20/2/18;215;20/02/17;215;20/2/16;178;20/2/15;176;20/2/14;164;189,6;190
;;21/2/20;21/2/18;174;21/02/17;226;21/2/16;197;21/2/15;161;21/2/14;171;185,8;186
;;22/2/20;22/2/18;226;22/02/17;206;22/2/16;199;22/2/15;179;22/2/14;155;193;193
;;23/2/20;23/2/18;186;23/02/17;233;23/2/16;154;23/2/15;192;23/2/14;172;187,4;187
;;24/2/20;24/2/18;203;24/02/17;201;24/2/16;173;24/2/15;190;24/2/14;161;185,6;186
;;25/2/20;25/2/18;222;25/02/17;177;25/2/16;188;25/2/15;155;25/2/14;165;181,4;181
;;26/2/20;26/2/18;206;26/02/17;209;26/2/16;184;26/2/15;185;26/2/14;155;187,8;188
;;27/2/20;27/2/18;210;27/02/17;193;27/2/16;190;27/2/15;161;27/2/14;164;183,6;184
;;28/2/20;28/2/18;192;28/02/17;210;28/2/16;196;28/2/15;173;28/2/14;160;186,2;186
;;1/3/20;1/3/18;204;01/03/17;212;1/3/16;187;1/3/15;174;1/3/14;189;193,2;193
;;2/3/20;2/3/18;193;02/03/17;213;2/3/16;193;2/3/15;197;2/3/14;188;196,8;197
;;3/3/20;3/3/18;202;03/03/17;229;3/3/16;185;3/3/15;191;3/3/14;190;199,4;199
;;4/3/20;4/3/18;201;04/03/17;215;4/3/16;175;4/3/15;181;4/3/14;186;191,6;192
;;5/3/20;5/3/18;204;05/03/17;217;5/3/16;203;5/3/15;181;5/3/14;181;197,2;197
;;6/3/20;6/3/18;217;06/03/17;226;6/3/16;194;6/3/15;163;6/3/14;157;191,4;191
;;7/3/20;7/3/18;185;07/03/17;241;7/3/16;187;7/3/15;209;7/3/14;179;200,2;200
;;8/3/20;8/3/18;209;08/03/17;216;8/3/16;200;8/3/15;206;8/3/14;166;199,4;199
;;9/3/20;9/3/18;211;09/03/17;211;9/3/16;209;9/3/15;192;9/3/14;174;199,4;199
;;10/3/20;10/3/18;198;10/03/17;215;10/3/16;214;10/3/15;197;10/3/14;178;200,4;200
;;11/3/20;11/3/18;201;11/03/17;206;11/3/16;230;11/3/15;176;11/3/14;172;197;197
;;12/3/20;12/3/18;219;12/03/17;205;12/3/16;196;12/3/15;174;12/3/14;195;197,8;198
;;13/3/20;13/3/18;188;13/03/17;228;13/3/16;225;13/3/15;189;13/3/14;190;204;204
14/3/20;162;14/3/20;14/3/18;211;14/03/17;217;14/3/16;212;14/3/15;167;14/3/14;174;196,2;196
15/3/20;136;15/3/20;15/3/18;202;15/03/17;212;15/3/16;205;15/3/15;181;15/3/14;194;198,8;199
16/3/20;122;16/3/20;16/3/18;179;16/03/17;208;16/3/16;200;16/3/15;181;16/3/14;199;193,4;193
17/3/20;149;17/3/20;17/3/18;197;17/03/17;238;17/3/16;190;17/3/15;160;17/3/14;194;195,8;196
18/3/20;120;18/3/20;18/3/18;198;18/03/17;183;18/3/16;174;18/3/15;162;18/3/14;159;175,2;175
19/3/20;109;19/3/20;19/3/18;180;19/03/17;208;19/3/16;232;19/3/15;186;19/3/14;178;196,8;197
20/3/20;119;20/3/20;20/3/18;153;20/03/17;234;20/3/16;214;20/3/15;183;20/3/14;180;192,8;193
21/3/20;113;21/3/20;21/3/18;180;21/03/17;224;21/3/16;206;21/3/15;186;21/3/14;158;190,8;191
22/3/20;148;22/3/20;22/3/18;179;22/03/17;221;22/3/16;203;22/3/15;168;22/3/14;198;193,8;194
23/3/20;137;23/3/20;23/3/18;191;23/03/17;222;23/3/16;183;23/3/15;177;23/3/14;159;186,4;186
24/3/20;163;24/3/20;24/3/18;188;24/03/17;198;24/3/16;185;24/3/15;159;24/3/14;161;178,2;178
25/3/20;185;25/3/20;25/3/18;208;25/03/17;182;25/3/16;193;25/3/15;152;25/3/14;196;186,2;186
26/3/20;259;26/3/20;26/3/18;171;26/03/17;205;26/3/16;184;26/3/15;165;26/3/14;190;183;183
27/3/20;282;27/3/20;27/3/18;193;27/03/17;221;27/3/16;229;27/3/15;166;27/3/14;179;197,6;198
28/3/20;355;28/3/20;28/3/18;183;28/03/17;213;28/3/16;234;28/3/15;162;28/3/14;169;192,2;192
29/3/20;438;29/3/20;29/3/18;207;29/03/17;210;29/3/16;222;29/3/15;192;29/3/14;189;204;204
30/3/20;494;30/3/20;30/3/18;198;30/03/17;191;30/3/16;205;30/3/15;178;30/3/14;165;187,4;187
31/3/20;565;31/3/20;31/3/18;187;31/03/17;215;31/3/16;187;31/3/15;186;31/3/14;169;188,8;189
1/4/20;639;1/4/20;1/4/18;190;01/04/17;198;1/4/16;211;1/4/15;183;1/4/14;181;192,6;193
2/4/20;674;2/4/20;2/4/18;213;02/04/17;220;2/4/16;203;2/4/15;207;2/4/14;166;201,8;202
3/4/20;792;3/4/20;3/4/18;178;03/04/17;239;3/4/16;196;3/4/15;192;3/4/14;169;194,8;195
4/4/20;730;4/4/20;4/4/18;183;04/04/17;214;4/4/16;201;4/4/15;177;4/4/14;181;191,2;191
5/4/20;774;5/4/20;5/4/18;201;05/04/17;185;5/4/16;219;5/4/15;198;5/4/14;183;197,2;197
6/4/20;817;6/4/20;6/4/18;215;06/04/17;189;6/4/16;209;6/4/15;193;6/4/14;187;198,6;199
7/4/20;729;7/4/20;7/4/18;196;07/04/17;192;7/4/16;199;7/4/15;202;7/4/14;177;193,2;193
8/4/20;699;8/4/20;8/4/18;193;08/04/17;210;8/4/16;193;8/4/15;186;8/4/14;190;194,4;194
9/4/20;715;9/4/20;9/4/18;216;09/04/17;205;9/4/16;183;9/4/15;182;9/4/14;163;189,8;190
10/4/20;636;10/4/20;10/4/18;191;10/04/17;201;10/4/16;187;10/4/15;174;10/4/14;158;182,2;182
11/4/20;621;11/4/20;11/4/18;172;11/04/17;198;11/4/16;194;11/4/15;179;11/4/14;172;183;183
12/4/20;614;12/4/20;12/4/18;194;12/04/17;207;12/4/16;205;12/4/15;194;12/4/14;185;197;197
13/4/20;561;13/4/20;13/4/18;190;13/04/17;208;13/4/16;194;13/4/15;183;13/4/14;187;192,4;192
14/4/20;562;14/4/20;14/4/18;191;14/04/17;189;14/4/16;177;14/4/15;183;14/4/14;159;179,8;180
15/4/20;550;15/4/20;15/4/18;212;15/04/17;203;15/4/16;174;15/4/15;192;15/4/14;178;191,8;192
16/4/20;478;16/4/20;16/4/18;187;16/04/17;195;16/4/16;798;16/4/15;173;16/4/14;196;309,8;310
17/4/20;448;17/4/20;17/4/18;195;17/04/17;223;17/4/16;238;17/4/15;156;17/4/14;155;193,4;193
18/4/20;393;18/4/20;18/4/18;194;18/04/17;196;18/4/16;195;18/4/15;189;18/4/14;131;181;181
19/4/20;453;19/4/20;19/4/18;191;19/04/17;222;19/4/16;190;19/4/15;169;19/4/14;164;187,2;187
20/4/20;464;20/4/20;20/4/18;184;20/04/17;181;20/4/16;174;20/4/15;189;20/4/14;188;183,2;183
21/4/20;415;21/4/20;21/4/18;185;21/04/17;214;21/4/16;183;21/4/15;202;21/4/14;173;191,4;191
22/4/20;366;22/4/20;22/4/18;193;22/04/17;199;22/4/16;193;22/4/15;164;22/4/14;185;186,8;187
23/4/20;315;23/4/20;23/4/18;168;23/04/17;216;23/4/16;170;23/4/15;197;23/4/14;163;182,8;183
24/4/20;336;24/4/20;24/4/18;175;24/04/17;179;24/4/16;187;24/4/15;168;24/4/14;178;177,4;177
25/4/20;341;25/4/20;25/4/18;183;25/04/17;191;25/4/16;199;25/4/15;186;25/4/14;143;180,4;180
26/4/20;320;26/4/20;26/4/18;204;26/04/17;174;26/4/16;200;26/4/15;198;26/4/14;162;187,6;188
27/4/20;313;27/4/20;27/4/18;202;27/04/17;205;27/4/16;176;27/4/15;196;27/4/14;208;197,4;197
28/4/20;315;28/4/20;28/4/18;173;28/04/17;194;28/4/16;187;28/4/15;155;28/4/14;192;180,2;180
29/4/20;263;29/4/20;29/4/18;207;29/04/17;190;29/4/16;154;29/4/15;196;29/4/14;151;179,6;180
30/4/20;221;30/4/20;30/4/18;186;30/04/17;182;30/4/16;167;30/4/15;173;30/4/14;161;173,8;174
1/5/20;294;1/5/20;1/5/18;212;01/05/17;226;1/5/16;171;1/5/15;194;1/5/14;150;190,6;191
2/5/20;309;2/5/20;2/5/18;199;02/05/17;195;2/5/16;208;2/5/15;176;2/5/14;141;183,8;184
3/5/20;323;3/5/20;3/5/18;170;03/05/17;211;3/5/16;208;3/5/15;191;3/5/14;174;190,8;191
4/5/20;328;4/5/20;4/5/18;204;04/05/17;194;4/5/16;149;4/5/15;158;4/5/14;181;177,2;177
5/5/20;308;5/5/20;5/5/18;197;05/05/17;164;5/5/16;199;5/5/15;206;5/5/14;175;188,2;188
6/5/20;342;6/5/20;6/5/18;184;06/05/17;182;6/5/16;190;6/5/15;197;6/5/14;161;182,8;183
7/5/20;277;7/5/20;7/5/18;175;07/05/17;185;7/5/16;181;7/5/15;179;7/5/14;185;181;181
8/5/20;274;8/5/20;8/5/18;188;08/05/17;210;8/5/16;216;8/5/15;173;8/5/14;145;186,4;186
9/5/20;279;9/5/20;9/5/18;182;09/05/17;184;9/5/16;172;9/5/15;170;9/5/14;175;176,6;177
10/5/20;286;10/5/20;10/5/18;156;10/05/17;198;10/5/16;181;10/5/15;201;10/5/14;197;186,6;187
11/5/20;311;11/5/20;11/5/18;189;11/05/17;196;11/5/16;194;11/5/15;188;11/5/14;187;190,8;191
12/5/20;275;12/5/20;12/5/18;182;12/05/17;200;12/5/16;165;12/5/15;159;12/5/14;160;173,2;173
13/5/20;273;13/5/20;13/5/18;200;13/05/17;212;13/5/16;181;13/5/15;210;13/5/14;167;194;194
14/5/20;218;14/5/20;14/5/18;214;14/05/17;190;14/5/16;157;14/5/15;186;14/5/14;166;182,6;183
15/5/20;245;15/5/20;15/5/18;198;15/05/17;207;15/5/16;179;15/5/15;193;15/5/14;181;191,6;192
16/5/20;225;16/5/20;16/5/18;196;16/05/17;192;16/5/16;188;16/5/15;192;16/5/14;136;180,8;181
17/5/20;237;17/5/20;17/5/18;202;17/05/17;174;17/5/16;195;17/5/15;200;17/5/14;156;185,4;185
18/5/20;178;18/5/20;18/5/18;200;18/05/17;179;18/5/16;172;18/5/15;185;18/5/14;199;187;187
19/5/20;87;19/5/20;19/5/18;194;19/05/17;191;19/5/16;161;19/5/15;174;19/5/14;162;176,4;176
;;20/5/20;20/5/18;218;20/05/17;206;20/5/16;178;20/5/15;193;20/5/14;152;189,4;189
;;21/5/20;21/5/18;211;21/05/17;189;21/5/16;182;21/5/15;192;21/5/14;186;192;192
;;22/5/20;22/5/18;182;22/05/17;185;22/5/16;163;22/5/15;189;22/5/14;157;175,2;175
;;23/5/20;23/5/18;194;23/05/17;180;23/5/16;198;23/5/15;183;23/5/14;160;183;183
;;24/5/20;24/5/18;193;24/05/17;187;24/5/16;157;24/5/15;218;24/5/14;170;185;185
;;25/5/20;25/5/18;151;25/05/17;195;25/5/16;199;25/5/15;198;25/5/14;194;187,4;187
;;26/5/20;26/5/18;174;26/05/17;188;26/5/16;180;26/5/15;201;26/5/14;180;184,6;185
;;27/5/20;27/5/18;178;27/05/17;192;27/5/16;151;27/5/15;199;27/5/14;147;173,4;173
;;28/5/20;28/5/18;188;28/05/17;221;28/5/16;181;28/5/15;166;28/5/14;151;181,4;181
;;29/5/20;29/5/18;199;29/05/17;200;29/5/16;182;29/5/15;182;29/5/14;176;187,8;188
;;30/5/20;30/5/18;181;30/05/17;210;30/5/16;197;30/5/15;205;30/5/14;166;191,8;192
;;31/5/20;31/5/18;155;31/05/17;175;31/5/16;181;31/5/15;208;31/5/14;173;178,4;178
;;1/6/20;1/6/18;172;01/06/17;197;1/6/16;175;1/6/15;197;1/6/14;202;188,6;189
;;2/6/20;2/6/18;181;02/06/17;184;2/6/16;183;2/6/15;168;2/6/14;186;180,4;180
;;3/6/20;3/6/18;170;03/06/17;195;3/6/16;160;3/6/15;207;3/6/14;173;181;181
;;4/6/20;4/6/18;203;04/06/17;197;4/6/16;184;4/6/15;174;4/6/14;176;186,8;187
;;5/6/20;5/6/18;194;05/06/17;214;5/6/16;201;5/6/15;196;5/6/14;149;190,8;191
;;6/6/20;6/6/18;163;06/06/17;193;6/6/16;159;6/6/15;189;6/6/14;188;178,4;178
;;7/6/20;7/6/18;184;07/06/17;178;7/6/16;183;7/6/15;207;7/6/14;180;186,4;186
;;8/6/20;8/6/18;191;08/06/17;187;8/6/16;186;8/6/15;157;8/6/14;188;181,8;182
;;9/6/20;9/6/18;203;09/06/17;190;9/6/16;187;9/6/15;169;9/6/14;179;185,6;186
;;10/6/20;10/6/18;225;10/06/17;179;10/6/16;163;10/6/15;189;10/6/14;181;187,4;187
;;11/6/20;11/6/18;217;11/06/17;220;11/6/16;209;11/6/15;180;11/6/14;187;202,6;203
;;12/6/20;12/6/18;197;12/06/17;197;12/6/16;185;12/6/15;164;12/6/14;169;182,4;182
;;13/6/20;13/6/18;176;13/06/17;180;13/6/16;172;13/6/15;190;13/6/14;163;176,2;176
;;14/6/20;14/6/18;179;14/06/17;190;14/6/16;183;14/6/15;184;14/6/14;221;191,4;191
;;15/6/20;15/6/18;196;15/06/17;171;15/6/16;169;15/6/15;208;15/6/14;206;190;190
;;16/6/20;16/6/18;183;16/06/17;192;16/6/16;169;16/6/15;188;16/6/14;194;185,2;185
;;17/6/20;17/6/18;209;17/06/17;198;17/6/16;178;17/6/15;183;17/6/14;182;190;190
;;18/6/20;18/6/18;183;18/06/17;207;18/6/16;175;18/6/15;178;18/6/14;183;185,2;185
;;19/6/20;19/6/18;158;19/06/17;192;19/6/16;188;19/6/15;165;19/6/14;167;174;174
;;20/6/20;20/6/18;180;20/06/17;193;20/6/16;197;20/6/15;186;20/6/14;151;181,4;181
;;21/6/20;21/6/18;197;21/06/17;173;21/6/16;180;21/6/15;209;21/6/14;184;188,6;189
;;22/6/20;22/6/18;211;22/06/17;183;22/6/16;168;22/6/15;185;22/6/14;186;186,6;187
;;23/6/20;23/6/18;212;23/06/17;185;23/6/16;185;23/6/15;192;23/6/14;177;190,2;190
;;24/6/20;24/6/18;167;24/06/17;189;24/6/16;213;24/6/15;185;24/6/14;172;185,2;185
;;25/6/20;25/6/18;209;25/06/17;186;25/6/16;190;25/6/15;173;25/6/14;174;186,4;186
;;26/6/20;26/6/18;190;26/06/17;185;26/6/16;186;26/6/15;192;26/6/14;188;188,2;188
;;27/6/20;27/6/18;193;27/06/17;178;27/6/16;162;27/6/15;171;27/6/14;165;173,8;174
;;28/6/20;28/6/18;169;28/06/17;194;28/6/16;187;28/6/15;213;28/6/14;155;183,6;184
;;29/6/20;29/6/18;202;29/06/17;196;29/6/16;180;29/6/15;187;29/6/14;185;190;190
;;30/6/20;30/6/18;234;30/06/17;186;30/6/16;174;30/6/15;196;30/6/14;172;192,4;192
;;1/7/20;1/7/18;190;01/07/17;185;1/7/16;182;1/7/15;175;1/7/14;164;179,2;179
;;2/7/20;2/7/18;204;02/07/17;205;2/7/16;172;2/7/15;198;2/7/14;163;188,4;188
;;3/7/20;3/7/18;188;03/07/17;208;3/7/16;176;3/7/15;177;3/7/14;185;186,8;187
;;4/7/20;4/7/18;171;04/07/17;198;4/7/16;189;4/7/15;172;4/7/14;147;175,4;175
;;5/7/20;5/7/18;210;05/07/17;197;5/7/16;180;5/7/15;172;5/7/14;209;193,6;194
;;6/7/20;6/7/18;201;06/07/17;151;6/7/16;144;6/7/15;182;6/7/14;178;171,2;171
;;7/7/20;7/7/18;208;07/07/17;175;7/7/16;169;7/7/15;172;7/7/14;188;182,4;182
;;8/7/20;8/7/18;230;08/07/17;178;8/7/16;171;8/7/15;177;8/7/14;180;187,2;187
;;9/7/20;9/7/18;217;09/07/17;198;9/7/16;199;9/7/15;184;9/7/14;158;191,2;191
;;10/7/20;10/7/18;182;10/07/17;201;10/7/16;179;10/7/15;166;10/7/14;173;180,2;180
;;11/7/20;11/7/18;224;11/07/17;194;11/7/16;188;11/7/15;180;11/7/14;142;185,6;186
;;12/7/20;12/7/18;175;12/07/17;165;12/7/16;162;12/7/15;180;12/7/14;183;173;173
;;13/7/20;13/7/18;179;13/07/17;201;13/7/16;170;13/7/15;180;13/7/14;147;175,4;175
;;14/7/20;14/7/18;157;14/07/17;210;14/7/16;185;14/7/15;186;14/7/14;152;178;178
;;15/7/20;15/7/18;230;15/07/17;191;15/7/16;163;15/7/15;182;15/7/14;169;187;187
;;16/7/20;16/7/18;190;16/07/17;206;16/7/16;157;16/7/15;189;16/7/14;185;185,4;185
;;17/7/20;17/7/18;158;17/07/17;205;17/7/16;189;17/7/15;157;17/7/14;173;176,4;176
;;18/7/20;18/7/18;173;18/07/17;157;18/7/16;184;18/7/15;189;18/7/14;162;173;173
;;19/7/20;19/7/18;193;19/07/17;191;19/7/16;184;19/7/15;193;19/7/14;163;184,8;185
;;20/7/20;20/7/18;198;20/07/17;189;20/7/16;184;20/7/15;191;20/7/14;204;193,2;193
;;21/7/20;21/7/18;185;21/07/17;177;21/7/16;157;21/7/15;171;21/7/14;186;175,2;175
;;22/7/20;22/7/18;218;22/07/17;189;22/7/16;187;22/7/15;188;22/7/14;172;190,8;191
;;23/7/20;23/7/18;180;23/07/17;205;23/7/16;189;23/7/15;164;23/7/14;178;183,2;183
;;24/7/20;24/7/18;176;24/07/17;180;24/7/16;168;24/7/15;161;24/7/14;154;167,8;168
;;25/7/20;25/7/18;187;25/07/17;201;25/7/16;178;25/7/15;140;25/7/14;178;176,8;177
;;26/7/20;26/7/18;175;26/07/17;194;26/7/16;182;26/7/15;190;26/7/14;173;182,8;183
;;27/7/20;27/7/18;187;27/07/17;184;27/7/16;160;27/7/15;152;27/7/14;200;176,6;177
;;28/7/20;28/7/18;179;28/07/17;175;28/7/16;162;28/7/15;209;28/7/14;169;178,8;179
;;29/7/20;29/7/18;194;29/07/17;195;29/7/16;172;29/7/15;165;29/7/14;179;181;181
;;30/7/20;30/7/18;215;30/07/17;176;30/7/16;160;30/7/15;158;30/7/14;174;176,6;177
;;31/7/20;31/7/18;181;31/07/17;191;31/7/16;222;31/7/15;174;31/7/14;165;186,6;187
;;1/8/20;1/8/18;208;01/08/17;192;1/8/16;182;1/8/15;169;1/8/14;164;183;183
;;2/8/20;2/8/18;192;02/08/17;208;2/8/16;170;2/8/15;206;2/8/14;188;192,8;193
;;3/8/20;3/8/18;175;03/08/17;189;3/8/16;177;3/8/15;184;3/8/14;202;185,4;185
;;4/8/20;4/8/18;205;04/08/17;198;4/8/16;178;4/8/15;168;4/8/14;177;185,2;185
;;5/8/20;5/8/18;185;05/08/17;205;5/8/16;159;5/8/15;161;5/8/14;166;175,2;175
;;6/8/20;6/8/18;172;06/08/17;194;6/8/16;168;6/8/15;166;6/8/14;174;174,8;175
;;7/8/20;7/8/18;191;07/08/17;212;7/8/16;198;7/8/15;192;7/8/14;154;189,4;189
;;8/8/20;8/8/18;185;08/08/17;152;8/8/16;182;8/8/15;183;8/8/14;192;178,8;179
;;9/8/20;9/8/18;189;09/08/17;185;9/8/16;189;9/8/15;169;9/8/14;176;181,6;182
;;10/8/20;10/8/18;215;10/08/17;165;10/8/16;193;10/8/15;178;10/8/14;164;183;183
;;11/8/20;11/8/18;205;11/08/17;180;11/8/16;172;11/8/15;175;11/8/14;165;179,4;179
;;12/8/20;12/8/18;197;12/08/17;181;12/8/16;178;12/8/15;157;12/8/14;169;176,4;176
;;13/8/20;13/8/18;186;13/08/17;176;13/8/16;189;13/8/15;168;13/8/14;183;180,4;180
;;14/8/20;14/8/18;242;14/08/17;183;14/8/16;197;14/8/15;169;14/8/14;172;192,6;193
;;15/8/20;15/8/18;194;15/08/17;184;15/8/16;185;15/8/15;186;15/8/14;148;179,4;179
;;16/8/20;16/8/18;186;16/08/17;200;16/8/16;206;16/8/15;181;16/8/14;163;187,2;187
;;17/8/20;17/8/18;201;17/08/17;194;17/8/16;164;17/8/15;184;17/8/14;161;180,8;181
;;18/8/20;18/8/18;224;18/08/17;170;18/8/16;175;18/8/15;190;18/8/14;183;188,4;188
;;19/8/20;19/8/18;197;19/08/17;184;19/8/16;165;19/8/15;156;19/8/14;167;173,8;174
;;20/8/20;20/8/18;170;20/08/17;178;20/8/16;172;20/8/15;177;20/8/14;181;175,6;176
;;21/8/20;21/8/18;177;21/08/17;170;21/8/16;163;21/8/15;167;21/8/14;170;169,4;169
;;22/8/20;22/8/18;205;22/08/17;163;22/8/16;195;22/8/15;179;22/8/14;174;183,2;183
;;23/8/20;23/8/18;175;23/08/17;168;23/8/16;174;23/8/15;189;23/8/14;186;178,4;178
;;24/8/20;24/8/18;194;24/08/17;170;24/8/16;188;24/8/15;176;24/8/14;183;182,2;182
;;25/8/20;25/8/18;182;25/08/17;167;25/8/16;163;25/8/15;189;25/8/14;180;176,2;176
;;26/8/20;26/8/18;207;26/08/17;185;26/8/16;175;26/8/15;170;26/8/14;185;184,4;184
;;27/8/20;27/8/18;195;27/08/17;193;27/8/16;157;27/8/15;184;27/8/14;182;182,2;182
;;28/8/20;28/8/18;205;28/08/17;176;28/8/16;202;28/8/15;190;28/8/14;173;189,2;189
;;29/8/20;29/8/18;213;29/08/17;188;29/8/16;182;29/8/15;165;29/8/14;172;184;184
;;30/8/20;30/8/18;186;30/08/17;173;30/8/16;155;30/8/15;173;30/8/14;181;173,6;174
;;31/8/20;31/8/18;209;31/08/17;187;31/8/16;197;31/8/15;170;31/8/14;180;188,6;189
;;1/9/20;1/9/18;215;01/09/17;184;1/9/16;202;1/9/15;169;1/9/14;171;188,2;188
;;2/9/20;2/9/18;215;02/09/17;207;2/9/16;167;2/9/15;157;2/9/14;176;184,4;184
;;3/9/20;3/9/18;183;03/09/17;168;3/9/16;210;3/9/15;177;3/9/14;177;183;183
;;4/9/20;4/9/18;208;04/09/17;183;4/9/16;216;4/9/15;162;4/9/14;179;189,6;190
;;5/9/20;5/9/18;197;05/09/17;179;5/9/16;180;5/9/15;177;5/9/14;185;183,6;184
;;6/9/20;6/9/18;192;06/09/17;192;6/9/16;161;6/9/15;188;6/9/14;194;185,4;185
;;7/9/20;7/9/18;169;07/09/17;179;7/9/16;168;7/9/15;161;7/9/14;169;169,2;169
;;8/9/20;8/9/18;190;08/09/17;166;8/9/16;169;8/9/15;132;8/9/14;173;166;166
;;9/9/20;9/9/18;216;09/09/17;174;9/9/16;154;9/9/15;186;9/9/14;162;178,4;178
;;10/9/20;10/9/18;218;10/09/17;175;10/9/16;191;10/9/15;152;10/9/14;177;182,6;183
;;11/9/20;11/9/18;192;11/09/17;175;11/9/16;184;11/9/15;168;11/9/14;179;179,6;180
;;12/9/20;12/9/18;173;12/09/17;175;12/9/16;166;12/9/15;183;12/9/14;166;172,6;173
;;13/9/20;13/9/18;189;13/09/17;172;13/9/16;188;13/9/15;175;13/9/14;193;183,4;183
;;14/9/20;14/9/18;202;14/09/17;170;14/9/16;176;14/9/15;186;14/9/14;182;183,2;183
;;15/9/20;15/9/18;178;15/09/17;144;15/9/16;177;15/9/15;173;15/9/14;177;169,8;170
;;16/9/20;16/9/18;216;16/09/17;174;16/9/16;169;16/9/15;146;16/9/14;170;175;175
;;17/9/20;17/9/18;194;17/09/17;205;17/9/16;174;17/9/15;176;17/9/14;167;183,2;183
;;18/9/20;18/9/18;208;18/09/17;187;18/9/16;183;18/9/15;166;18/9/14;199;188,6;189
;;19/9/20;19/9/18;194;19/09/17;168;19/9/16;192;19/9/15;170;19/9/14;168;178,4;178
;;20/9/20;20/9/18;170;20/09/17;191;20/9/16;171;20/9/15;168;20/9/14;179;175,8;176
;;21/9/20;21/9/18;157;21/09/17;165;21/9/16;187;21/9/15;193;21/9/14;182;176,8;177
;;22/9/20;22/9/18;177;22/09/17;194;22/9/16;166;22/9/15;155;22/9/14;157;169,8;170
;;23/9/20;23/9/18;192;23/09/17;146;23/9/16;187;23/9/15;179;23/9/14;169;174,6;175
;;24/9/20;24/9/18;190;24/09/17;197;24/9/16;174;24/9/15;165;24/9/14;162;177,6;178
;;25/9/20;25/9/18;198;25/09/17;174;25/9/16;192;25/9/15;171;25/9/14;168;180,6;181
;;26/9/20;26/9/18;204;26/09/17;165;26/9/16;176;26/9/15;181;26/9/14;170;179,2;179
;;27/9/20;27/9/18;187;27/09/17;181;27/9/16;171;27/9/15;187;27/9/14;150;175,2;175
;;28/9/20;28/9/18;189;28/09/17;175;28/9/16;157;28/9/15;168;28/9/14;196;177;177
;;29/9/20;29/9/18;185;29/09/17;167;29/9/16;179;29/9/15;187;29/9/14;196;182,8;183
;;30/9/20;30/9/18;195;30/09/17;161;30/9/16;173;30/9/15;174;30/9/14;163;173,2;173
;;1/10/20;1/10/18;222;01/10/17;198;1/10/16;187;1/10/15;193;1/10/14;177;195,4;195
;;2/10/20;2/10/18;191;02/10/17;189;2/10/16;201;2/10/15;152;2/10/14;187;184;184
;;3/10/20;3/10/18;189;03/10/17;163;3/10/16;198;3/10/15;182;3/10/14;173;181;181
;;4/10/20;4/10/18;189;04/10/17;208;4/10/16;184;4/10/15;187;4/10/14;190;191,6;192
;;5/10/20;5/10/18;207;05/10/17;186;5/10/16;180;5/10/15;172;5/10/14;158;180,6;181
;;6/10/20;6/10/18;191;06/10/17;191;6/10/16;187;6/10/15;167;6/10/14;156;178,4;178
;;7/10/20;7/10/18;205;07/10/17;176;7/10/16;185;7/10/15;186;7/10/14;171;184,6;185
;;8/10/20;8/10/18;181;08/10/17;185;8/10/16;180;8/10/15;166;8/10/14;176;177,6;178
;;9/10/20;9/10/18;197;09/10/17;166;9/10/16;187;9/10/15;167;9/10/14;171;177,6;178
;;10/10/20;10/10/18;166;10/10/17;181;10/10/16;181;10/10/15;150;10/10/14;182;172;172
;;11/10/20;11/10/18;174;11/10/17;190;11/10/16;184;11/10/15;206;11/10/14;159;182,6;183
;;12/10/20;12/10/18;192;12/10/17;182;12/10/16;184;12/10/15;164;12/10/14;188;182;182
;;13/10/20;13/10/18;174;13/10/17;157;13/10/16;158;13/10/15;164;13/10/14;183;167,2;167
;;14/10/20;14/10/18;224;14/10/17;160;14/10/16;191;14/10/15;187;14/10/14;172;186,8;187
;;15/10/20;15/10/18;199;15/10/17;177;15/10/16;176;15/10/15;167;15/10/14;166;177;177
;;16/10/20;16/10/18;203;16/10/17;192;16/10/16;217;16/10/15;175;16/10/14;156;188,6;189
;;17/10/20;17/10/18;186;17/10/17;190;17/10/16;191;17/10/15;191;17/10/14;153;182,2;182
;;18/10/20;18/10/18;180;18/10/17;171;18/10/16;170;18/10/15;167;18/10/14;166;170,8;171
;;19/10/20;19/10/18;186;19/10/17;167;19/10/16;157;19/10/15;186;19/10/14;174;174;174
;;20/10/20;20/10/18;183;20/10/17;187;20/10/16;180;20/10/15;204;20/10/14;173;185,4;185
;;21/10/20;21/10/18;180;21/10/17;174;21/10/16;162;21/10/15;184;21/10/14;162;172,4;172
;;22/10/20;22/10/18;176;22/10/17;205;22/10/16;163;22/10/15;165;22/10/14;153;172,4;172
;;23/10/20;23/10/18;205;23/10/17;176;23/10/16;187;23/10/15;177;23/10/14;168;182,6;183
;;24/10/20;24/10/18;169;24/10/17;202;24/10/16;189;24/10/15;179;24/10/14;170;181,8;182
;;25/10/20;25/10/18;172;25/10/17;179;25/10/16;170;25/10/15;170;25/10/14;171;172,4;172
;;26/10/20;26/10/18;214;26/10/17;175;26/10/16;180;26/10/15;179;26/10/14;176;184,8;185
;;27/10/20;27/10/18;163;27/10/17;181;27/10/16;162;27/10/15;150;27/10/14;186;168,4;168
;;28/10/20;28/10/18;203;28/10/17;182;28/10/16;155;28/10/15;174;28/10/14;174;177,6;178
;;29/10/20;29/10/18;200;29/10/17;171;29/10/16;202;29/10/15;191;29/10/14;158;184,4;184
;;30/10/20;30/10/18;214;30/10/17;183;30/10/16;196;30/10/15;169;30/10/14;170;186,4;186
;;31/10/20;31/10/18;168;31/10/17;215;31/10/16;182;31/10/15;144;31/10/14;166;175;175
;;1/11/20;1/11/18;177;01/11/17;172;1/11/16;161;1/11/15;185;1/11/14;185;176;176
;;2/11/20;2/11/18;188;02/11/17;165;2/11/16;183;2/11/15;147;2/11/14;194;175,4;175
;;3/11/20;3/11/18;221;03/11/17;176;3/11/16;173;3/11/15;159;3/11/14;168;179,4;179
;;4/11/20;4/11/18;196;04/11/17;180;4/11/16;209;4/11/15;171;4/11/14;176;186,4;186
;;5/11/20;5/11/18;215;05/11/17;213;5/11/16;163;5/11/15;183;5/11/14;172;189,2;189
;;6/11/20;6/11/18;195;06/11/17;195;6/11/16;186;6/11/15;179;6/11/14;177;186,4;186
;;7/11/20;7/11/18;178;07/11/17;195;7/11/16;209;7/11/15;167;7/11/14;156;181;181
;;8/11/20;8/11/18;188;08/11/17;153;8/11/16;199;8/11/15;180;8/11/14;171;178,2;178
;;9/11/20;9/11/18;199;09/11/17;182;9/11/16;184;9/11/15;154;9/11/14;190;181,8;182
;;10/11/20;10/11/18;205;10/11/17;197;10/11/16;200;10/11/15;153;10/11/14;171;185,2;185
;;11/11/20;11/11/18;202;11/11/17;186;11/11/16;184;11/11/15;163;11/11/14;177;182,4;182
;;12/11/20;12/11/18;186;12/11/17;191;12/11/16;200;12/11/15;185;12/11/14;191;190,6;191
;;13/11/20;13/11/18;170;13/11/17;173;13/11/16;201;13/11/15;190;13/11/14;156;178;178
;;14/11/20;14/11/18;223;14/11/17;163;14/11/16;163;14/11/15;181;14/11/14;159;177,8;178
;;15/11/20;15/11/18;160;15/11/17;172;15/11/16;210;15/11/15;181;15/11/14;174;179,4;179
;;16/11/20;16/11/18;198;16/11/17;177;16/11/16;203;16/11/15;184;16/11/14;179;188,2;188
;;17/11/20;17/11/18;185;17/11/17;172;17/11/16;185;17/11/15;160;17/11/14;185;177,4;177
;;18/11/20;18/11/18;198;18/11/17;217;18/11/16;161;18/11/15;153;18/11/14;179;181,6;182
;;19/11/20;19/11/18;209;19/11/17;196;19/11/16;174;19/11/15;181;19/11/14;175;187;187
;;20/11/20;20/11/18;184;20/11/17;185;20/11/16;181;20/11/15;148;20/11/14;167;173;173
;;21/11/20;21/11/18;176;21/11/17;209;21/11/16;172;21/11/15;157;21/11/14;159;174,6;175
;;22/11/20;22/11/18;205;22/11/17;172;22/11/16;187;22/11/15;184;22/11/14;192;188;188
;;23/11/20;23/11/18;168;23/11/17;156;23/11/16;181;23/11/15;195;23/11/14;177;175,4;175
;;24/11/20;24/11/18;193;24/11/17;171;24/11/16;154;24/11/15;162;24/11/14;210;178;178
;;25/11/20;25/11/18;190;25/11/17;174;25/11/16;177;25/11/15;155;25/11/14;166;172,4;172
;;26/11/20;26/11/18;193;26/11/17;177;26/11/16;162;26/11/15;184;26/11/14;172;177,6;178
;;27/11/20;27/11/18;185;27/11/17;194;27/11/16;187;27/11/15;173;27/11/14;160;179,8;180
;;28/11/20;28/11/18;171;28/11/17;191;28/11/16;180;28/11/15;182;28/11/14;168;178,4;178
;;29/11/20;29/11/18;190;29/11/17;193;29/11/16;145;29/11/15;156;29/11/14;145;165,8;166
;;30/11/20;30/11/18;190;30/11/17;183;30/11/16;167;30/11/15;162;30/11/14;150;170,4;170
;;1/12/20;1/12/18;187;01/12/17;181;1/12/16;177;1/12/15;178;1/12/14;168;178,2;178
;;2/12/20;2/12/18;202;02/12/17;161;2/12/16;179;2/12/15;157;2/12/14;169;173,6;174
;;3/12/20;3/12/18;190;03/12/17;192;3/12/16;166;3/12/15;158;3/12/14;127;166,6;167
;;4/12/20;4/12/18;191;04/12/17;185;4/12/16;195;4/12/15;178;4/12/14;151;180;180
;;5/12/20;5/12/18;210;05/12/17;197;5/12/16;203;5/12/15;183;5/12/14;156;189,8;190
;;6/12/20;6/12/18;210;06/12/17;177;6/12/16;168;6/12/15;206;6/12/14;169;186;186
;;7/12/20;7/12/18;206;07/12/17;175;7/12/16;197;7/12/15;191;7/12/14;173;188,4;188
;;8/12/20;8/12/18;161;08/12/17;179;8/12/16;177;8/12/15;190;8/12/14;162;173,8;174
;;9/12/20;9/12/18;193;09/12/17;178;9/12/16;159;9/12/15;152;9/12/14;150;166,4;166
;;10/12/20;10/12/18;218;10/12/17;207;10/12/16;172;10/12/15;170;10/12/14;150;183,4;183
;;11/12/20;11/12/18;191;11/12/17;173;11/12/16;184;11/12/15;148;11/12/14;152;169,6;170
;;12/12/20;12/12/18;183;12/12/17;162;12/12/16;162;12/12/15;196;12/12/14;182;177;177
;;13/12/20;13/12/18;210;13/12/17;171;13/12/16;178;13/12/15;186;13/12/14;179;184,8;185
;;14/12/20;14/12/18;224;14/12/17;187;14/12/16;156;14/12/15;171;14/12/14;167;181;181
;;15/12/20;15/12/18;204;15/12/17;171;15/12/16;178;15/12/15;169;15/12/14;145;173,4;173
;;16/12/20;16/12/18;187;16/12/17;157;16/12/16;154;16/12/15;161;16/12/14;171;166;166
;;17/12/20;17/12/18;215;17/12/17;200;17/12/16;199;17/12/15;197;17/12/14;152;192,6;193
;;18/12/20;18/12/18;186;18/12/17;205;18/12/16;190;18/12/15;165;18/12/14;175;184,2;184
;;19/12/20;19/12/18;209;19/12/17;178;19/12/16;189;19/12/15;161;19/12/14;149;177,2;177
;;20/12/20;20/12/18;195;20/12/17;159;20/12/16;165;20/12/15;192;20/12/14;156;173,4;173
;;21/12/20;21/12/18;186;21/12/17;191;21/12/16;163;21/12/15;139;21/12/14;186;173;173
;;22/12/20;22/12/18;214;22/12/17;174;22/12/16;177;22/12/15;159;22/12/14;158;176,4;176
;;23/12/20;23/12/18;183;23/12/17;170;23/12/16;182;23/12/15;171;23/12/14;160;173,2;173
;;24/12/20;24/12/18;193;24/12/17;188;24/12/16;184;24/12/15;152;24/12/14;165;176,4;176
;;25/12/20;25/12/18;209;25/12/17;198;25/12/16;230;25/12/15;165;25/12/14;162;192,8;193
;;26/12/20;26/12/18;202;26/12/17;191;26/12/16;203;26/12/15;169;26/12/14;145;182;182
;;27/12/20;27/12/18;205;27/12/17;159;27/12/16;175;27/12/15;197;27/12/14;140;175,2;175
;;28/12/20;28/12/18;139;28/12/17;160;28/12/16;169;28/12/15;174;28/12/14;148;158;158
;;29/12/20;29/12/18;98;29/12/17;92;29/12/16;171;29/12/15;155;29/12/14;136;130,4;130
;;30/12/20;30/12/18;83;30/12/17;77;30/12/16;116;30/12/15;137;30/12/14;130;108,6;109
;;31/12/20;31/12/18;39;31/12/17;23;31/12/16;27;31/12/15;52;31/12/14;47;37,6;38